,precision,recall,f1-score,support
Legit,0.9944492816717457,0.9931521739130434,0.9938003045464433,9200.0
Fraud,0.9224137931034483,0.93625,0.9292803970223326,800.0
accuracy,0.9886,0.9886,0.9886,0.9886
macro avg,0.958431537387597,0.9647010869565218,0.9615403507843879,10000.0
weighted avg,0.9886864425862819,0.9886,0.9886387119445144,10000.0
